LON,LAT,bird_ID,light,tripID,interlength,year,sex,trip,date,TIME,trp.leng,DIST,STATUS1,DAY,PUT_BEH_24hr,CAMERA_BEH,No. of birds,CAM TIME=GPS TIME+1h
-5.469172,51.7267,G147,TRUE,1,581809,2011,male,G147_1,22/07/2011 10:20,10:20,18269,NA,COL,D,TRAV,COLONY,,11:20
-5.459889,51.72275,G147,TRUE,1,53,2011,male,G147_1,22/07/2011 10:21,10:21,18269,777.682,FLIGHT,D,TRAV,TRAV,,11:21
-5.453419,51.72197,G147,TRUE,1,53,2011,male,G147_1,22/07/2011 10:22,10:22,18269,455.478,FLIGHT,D,SERFOR,SERFOR,,11:22
-5.444077,51.71956,G147,TRUE,1,52,2011,male,G147_1,22/07/2011 10:23,10:23,18269,698.919,FLIGHT,D,TRAV,TRAV,,11:23
-5.439357,51.71853,G147,TRUE,1,52,2011,male,G147_1,22/07/2011 10:24,10:24,18269,345.584,FLIGHT,D,SERFOR,SERFOR,,11:24
-5.440929,51.71643,G147,TRUE,1,52,2011,male,G147_1,22/07/2011 10:25,10:25,18269,258.278,FLIGHT,D,SERFOR,SERFOR,,11:25
-5.442307,51.71598,G147,TRUE,1,52,2011,male,G147_1,22/07/2011 10:26,10:26,18269,107.234,FLIGHT,D,SERFOR,SERFOR,,11:26
-5.450561,51.71043,G147,TRUE,1,52,2011,male,G147_1,22/07/2011 10:26,10:26,18269,841.346,FLIGHT,D,SERFOR,SERFOR,,11:26
-5.460663,51.70579,G147,TRUE,1,52,2011,male,G147_1,22/07/2011 10:27,10:27,18269,868.272,FLIGHT,D,SERFOR,SERFOR,,11:27
-5.464963,51.69797,G147,TRUE,1,52,2011,male,G147_1,22/07/2011 10:28,10:28,18269,918.712,FLIGHT,D,SERFOR,SERFOR,,11:28
-5.475176,51.69559,G147,TRUE,1,52,2011,male,G147_1,22/07/2011 10:29,10:29,18269,754.312,FLIGHT,D,SERFOR,SERFOR,,11:29
-5.478599,51.69753,G147,TRUE,1,52,2011,male,G147_1,22/07/2011 10:30,10:30,18269,320.168,FLIGHT,D,SERFOR,SERFOR,,11:30
-5.484149,51.69947,G147,TRUE,1,52,2011,male,G147_1,22/07/2011 10:31,10:31,18269,440.37,FLIGHT,D,SERFOR,SERFOR,,11:31
-5.482405,51.69517,G147,TRUE,1,52,2011,male,G147_1,22/07/2011 10:32,10:32,18269,493.386,FLIGHT,D,SERFOR,SERFOR,,11:32
-5.483437,51.69941,G147,TRUE,1,52,2011,male,G147_1,22/07/2011 10:32,10:32,18269,477.335,FLIGHT,D,SERFOR,SERFOR,,11:32
-5.48544,51.70469,G147,TRUE,1,52,2011,male,G147_1,22/07/2011 10:33,10:33,18269,603.128,FLIGHT,D,SERFOR,SERFOR,,11:33
-5.486792,51.70992,G147,TRUE,1,52,2011,male,G147_1,22/07/2011 10:34,10:34,18269,589.356,FLIGHT,D,SERFOR,SERFOR,,11:34
-5.48787,51.71452,G147,TRUE,1,52,2011,male,G147_1,22/07/2011 10:35,10:35,18269,516.869,FLIGHT,D,SERFOR,SERFOR,,11:35
-5.485646,51.71997,G147,TRUE,1,52,2011,male,G147_1,22/07/2011 10:36,10:36,18269,626.093,FLIGHT,D,SERFOR,SERFOR,,11:36
-5.478733,51.72302,G147,TRUE,1,52,2011,male,G147_1,22/07/2011 10:37,10:37,18269,586.039,FLIGHT,D,SERFOR,SERFOR,,11:37
-5.478148,51.72034,G147,TRUE,1,52,2011,male,G147_1,22/07/2011 10:38,10:38,18269,301.461,FLIGHT,D,SERFOR,SERFOR,,11:38
-5.476623,51.71707,G147,TRUE,1,52,2011,male,G147_1,22/07/2011 10:39,10:39,18269,378.249,FLIGHT,D,SERFOR,SERFOR,,11:39
-5.478854,51.70925,G147,TRUE,1,52,2011,male,G147_1,22/07/2011 10:39,10:39,18269,883.298,FLIGHT,D,SERFOR,SERFOR,,11:39
-5.479961,51.70065,G147,TRUE,1,52,2011,male,G147_1,22/07/2011 10:40,10:40,18269,960.128,FLIGHT,D,TRAV,TRAV,,11:40
-5.482439,51.6914,G147,TRUE,1,52,2011,male,G147_1,22/07/2011 10:41,10:41,18269,1043.773,FLIGHT,D,TRAV,TRAV,,11:41
-5.483089,51.68262,G147,TRUE,1,51,2011,male,G147_1,22/07/2011 10:42,10:42,18269,978.131,FLIGHT,D,OPPFOR,OPPFOR,,11:42
-5.482869,51.67554,G147,TRUE,1,53,2011,male,G147_1,22/07/2011 10:43,10:43,18269,786.987,FLIGHT,D,TRAV,TRAV,,11:43
-5.486971,51.6664,G147,TRUE,1,52,2011,male,G147_1,22/07/2011 10:44,10:44,18269,1056.636,FLIGHT,D,OPPFOR,OPPFOR,,11:44
-5.488573,51.65911,G147,TRUE,1,52,2011,male,G147_1,22/07/2011 10:45,10:45,18269,818.632,FLIGHT,D,TRAV,FOLLOWED,N=2,11:45
-5.484206,51.64903,G147,TRUE,1,52,2011,male,G147_1,22/07/2011 10:45,10:45,18269,1160.872,FLIGHT,D,OPPFOR,OPPFOR,,11:45
-5.48289,51.64349,G147,TRUE,1,52,2011,male,G147_1,22/07/2011 10:46,10:46,18269,623.849,FLIGHT,D,OPPFOR,OPPFOR,,11:46
-5.482265,51.64061,G147,TRUE,1,51,2011,male,G147_1,22/07/2011 10:47,10:47,18269,323.338,FLIGHT,D,SERFOR,SERFOR,,11:47
-5.481809,51.63747,G147,TRUE,1,52,2011,male,G147_1,22/07/2011 10:48,10:48,18269,350.781,FLIGHT,D,SERFOR,SERFOR,,11:48
-5.480814,51.63457,G147,TRUE,1,52,2011,male,G147_1,22/07/2011 10:49,10:49,18269,329.383,FLIGHT,D,SERFOR,SERFOR,,11:49
-5.480092,51.63131,G147,TRUE,1,52,2011,male,G147_1,22/07/2011 10:50,10:50,18269,366.248,FLIGHT,D,SERFOR,SERFOR,,11:50
-5.479929,51.62789,G147,TRUE,1,52,2011,male,G147_1,22/07/2011 10:51,10:51,18269,380.9,FLIGHT,D,SERFOR,SERFOR,,11:51
-5.477095,51.61715,G147,TRUE,1,53,2011,male,G147_1,22/07/2011 10:52,10:52,18269,1210.396,FLIGHT,D,TRAV,TRAV,,11:52
-5.479362,51.60701,G147,TRUE,1,52,2011,male,G147_1,22/07/2011 10:52,10:52,18269,1138.943,FLIGHT,D,OPPFOR,OPPFOR,,11:52
-5.478554,51.60513,G147,TRUE,1,52,2011,male,G147_1,22/07/2011 10:53,10:53,18269,217.497,FLIGHT,D,SERFOR,SERFOR,,11:53
-5.47822,51.60025,G147,TRUE,1,52,2011,male,G147_1,22/07/2011 10:54,10:54,18269,543.33,FLIGHT,D,TRAV,TRAV,,11:54
-5.477207,51.59667,G147,TRUE,1,51,2011,male,G147_1,22/07/2011 10:55,10:55,18269,404.228,FLIGHT,D,SERFOR,SERFOR,,11:55
-5.478765,51.5902,G147,TRUE,1,52,2011,male,G147_1,22/07/2011 10:56,10:56,18269,728.232,FLIGHT,D,TRAV,TRAV,,11:56
-5.484322,51.57962,G147,TRUE,1,52,2011,male,G147_1,22/07/2011 10:57,10:57,18269,1237.585,FLIGHT,D,TRAV,TRAV,,11:57
-5.485085,51.56931,G147,TRUE,1,52,2011,male,G147_1,22/07/2011 10:58,10:58,18269,1148.858,FLIGHT,D,TRAV,TRAV,,11:58
-5.489442,51.55946,G147,TRUE,1,52,2011,male,G147_1,22/07/2011 10:58,10:58,18269,1136.678,FLIGHT,D,TRAV,TRAV,,11:58
-5.497608,51.55073,G147,TRUE,1,52,2011,male,G147_1,22/07/2011 10:59,10:59,18269,1124.548,FLIGHT,D,TRAV,TRAV,,11:59
-5.506444,51.54308,G147,TRUE,1,52,2011,male,G147_1,22/07/2011 11:00,11:00,18269,1048.778,FLIGHT,D,SERFOR,SERFOR,,12:00
-5.515203,51.53639,G147,TRUE,1,51,2011,male,G147_1,22/07/2011 11:01,11:01,18269,960.977,FLIGHT,D,SERFOR,SERFOR,,12:01
-5.523866,51.53218,G147,TRUE,1,53,2011,male,G147_1,22/07/2011 11:02,11:02,18269,762.126,FLIGHT,D,SERFOR,SERFOR,,12:02
-5.523425,51.53263,G147,TRUE,1,52,2011,male,G147_1,22/07/2011 11:03,11:03,18269,59.058,FLIGHT,D,REST,REST,,12:03
-5.519637,51.53327,G147,TRUE,1,51,2011,male,G147_1,22/07/2011 11:04,11:04,18269,272.354,FLIGHT,D,SERFOR,SERFOR,,12:04
-5.517738,51.5331,G147,TRUE,1,52,2011,male,G147_1,22/07/2011 11:05,11:05,18269,133.154,FLIGHT,D,SERFOR,SERFOR,,12:05
-5.51787,51.53314,G147,TRUE,1,51,2011,male,G147_1,22/07/2011 11:05,11:05,18269,10.283,WATER,D,REST,REST,,12:05
-5.513517,51.53368,G147,TRUE,1,52,2011,male,G147_1,22/07/2011 11:06,11:06,18269,307.841,FLIGHT,D,SERFOR,SERFOR,,12:06
-5.51502,51.52824,G147,TRUE,1,52,2011,male,G147_1,22/07/2011 11:07,11:07,18269,613.29,FLIGHT,D,SERFOR,SERFOR,,12:07
-5.523013,51.52658,G147,TRUE,1,52,2011,male,G147_1,22/07/2011 11:08,11:08,18269,584.608,FLIGHT,D,SERFOR,SERFOR,,12:08
-5.524182,51.52343,G147,TRUE,1,52,2011,male,G147_1,22/07/2011 11:09,11:09,18269,360.708,FLIGHT,D,SERFOR,SERFOR,,12:09
-5.524256,51.52374,G147,TRUE,1,52,2011,male,G147_1,22/07/2011 11:10,11:10,18269,34.76,WATER,D,REST,REST,,12:10
-5.524256,51.52374,G147,TRUE,1,52,2011,male,G147_1,22/07/2011 11:11,11:11,18269,0,WATER,D,REST,REST,,12:11
-5.525096,51.5238,G147,TRUE,1,52,2011,male,G147_1,22/07/2011 11:11,11:11,18269,58.693,FLIGHT,D,REST,REST,,12:11
-5.525096,51.5238,G147,TRUE,1,52,2011,male,G147_1,22/07/2011 11:12,11:12,18269,0,WATER,D,REST,REST,,12:12
-5.525672,51.52386,G147,TRUE,1,52,2011,male,G147_1,22/07/2011 11:13,11:13,18269,40.549,WATER,D,REST,REST,,12:13
-5.525672,51.52386,G147,TRUE,1,52,2011,male,G147_1,22/07/2011 11:14,11:14,18269,0,WATER,D,REST,REST,,12:14
-5.526041,51.52387,G147,TRUE,1,52,2011,male,G147_1,22/07/2011 11:15,11:15,18269,25.664,WATER,D,REST,REST,,12:15
-5.526041,51.52387,G147,TRUE,1,52,2011,male,G147_1,22/07/2011 11:16,11:16,18269,0,WATER,D,REST,REST,,12:16
-5.527052,51.52409,G147,TRUE,1,52,2011,male,G147_1,22/07/2011 11:17,11:17,18269,74.388,FLIGHT,D,REST,REST,,12:17
-5.527145,51.52411,G147,TRUE,1,52,2011,male,G147_1,22/07/2011 11:17,11:17,18269,6.667,WATER,D,REST,REST,,12:17
-5.527145,51.52411,G147,TRUE,1,52,2011,male,G147_1,22/07/2011 11:18,11:18,18269,0,WATER,D,REST,REST,,12:18
-5.527145,51.52411,G147,TRUE,1,52,2011,male,G147_1,22/07/2011 11:19,11:19,18269,0,WATER,D,REST,REST,,12:19
-5.527145,51.52411,G147,TRUE,1,52,2011,male,G147_1,22/07/2011 11:20,11:20,18269,0,WATER,D,REST,REST,,12:20
-5.527145,51.52411,G147,TRUE,1,52,2011,male,G147_1,22/07/2011 11:21,11:21,18269,0,WATER,D,REST,REST,,12:21
-5.527145,51.52411,G147,TRUE,1,52,2011,male,G147_1,22/07/2011 11:22,11:22,18269,0,WATER,D,REST,REST,,12:22
-5.527145,51.52411,G147,TRUE,1,52,2011,male,G147_1,22/07/2011 11:23,11:23,18269,0,WATER,D,REST,REST,,12:23
-5.528463,51.52472,G147,TRUE,1,53,2011,male,G147_1,22/07/2011 11:24,11:24,18269,114.167,FLIGHT,D,SERFOR,SERFOR,,12:24
-5.528463,51.52472,G147,TRUE,1,52,2011,male,G147_1,22/07/2011 11:24,11:24,18269,0,WATER,D,REST,REST,,12:24
-5.528603,51.52485,G147,TRUE,1,52,2011,male,G147_1,22/07/2011 11:25,11:25,18269,17.424,WATER,D,REST,REST,,12:25
-5.521515,51.52456,G147,TRUE,1,52,2011,male,G147_1,22/07/2011 11:26,11:26,18269,493.015,FLIGHT,D,SERFOR,SERFOR,,12:26
-5.51237,51.52638,G147,TRUE,1,52,2011,male,G147_1,22/07/2011 11:27,11:27,18269,666.063,FLIGHT,D,TRAV,TRAV,,12:27
-5.50351,51.52744,G147,TRUE,1,52,2011,male,G147_1,22/07/2011 11:28,11:28,18269,626.257,FLIGHT,D,TRAV,TRAV,,12:28
-5.498138,51.5311,G147,TRUE,1,52,2011,male,G147_1,22/07/2011 11:29,11:29,18269,552.245,FLIGHT,D,OPPFOR,OPPFOR,,12:29
-5.497251,51.53284,G147,TRUE,1,52,2011,male,G147_1,22/07/2011 11:30,11:30,18269,202.715,FLIGHT,D,SERFOR,SERFOR,,12:30
-5.497704,51.53295,G147,TRUE,1,52,2011,male,G147_1,22/07/2011 11:31,11:31,18269,33.613,WATER,D,REST,REST,,12:31
-5.497935,51.53312,G147,TRUE,1,52,2011,male,G147_1,22/07/2011 11:31,11:31,18269,25.22,WATER,D,REST,REST,,12:31
-5.497935,51.53312,G147,TRUE,1,52,2011,male,G147_1,22/07/2011 11:32,11:32,18269,0,WATER,D,REST,REST,,12:32
-5.498097,51.53328,G147,TRUE,1,52,2011,male,G147_1,22/07/2011 11:33,11:33,18269,20.679,WATER,D,REST,REST,,12:33
-5.498371,51.53361,G147,TRUE,1,52,2011,male,G147_1,22/07/2011 11:34,11:34,18269,41.94,WATER,D,REST,REST,,12:34
-5.498365,51.53362,G147,TRUE,1,52,2011,male,G147_1,22/07/2011 11:35,11:35,18269,0.609,WATER,D,REST,REST,,12:35
-5.498365,51.53362,G147,TRUE,1,53,2011,male,G147_1,22/07/2011 11:36,11:36,18269,0,WATER,D,REST,REST,,12:36
-5.498912,51.53405,G147,TRUE,1,52,2011,male,G147_1,22/07/2011 11:37,11:37,18269,60.808,FLIGHT,D,REST,REST,,12:37
-5.498958,51.53411,G147,TRUE,1,52,2011,male,G147_1,22/07/2011 11:37,11:37,18269,8.314,WATER,D,REST,REST,,12:37
-5.498958,51.53411,G147,TRUE,1,52,2011,male,G147_1,22/07/2011 11:38,11:38,18269,0,WATER,D,REST,REST,,12:38
-5.499451,51.53447,G147,TRUE,1,51,2011,male,G147_1,22/07/2011 11:39,11:39,18269,51.916,FLIGHT,D,REST,REST,,12:39
-5.499544,51.53451,G147,TRUE,1,52,2011,male,G147_1,22/07/2011 11:40,11:40,18269,8.236,WATER,D,REST,REST,,12:40
-5.499544,51.53451,G147,TRUE,1,53,2011,male,G147_1,22/07/2011 11:41,11:41,18269,0,WATER,D,REST,REST,,12:41
-5.500001,51.53478,G147,TRUE,1,52,2011,male,G147_1,22/07/2011 11:42,11:42,18269,43.68,WATER,D,REST,REST,,12:42
-5.500116,51.5349,G147,TRUE,1,51,2011,male,G147_1,22/07/2011 11:43,11:43,18269,15.458,WATER,D,REST,REST,,12:43
-5.500116,51.5349,G147,TRUE,1,52,2011,male,G147_1,22/07/2011 11:44,11:44,18269,0,WATER,D,REST,REST,,12:44
-5.494324,51.53399,G147,TRUE,1,53,2011,male,G147_1,22/07/2011 11:44,11:44,18269,414.399,FLIGHT,D,SERFOR,SERFOR,,12:44
-5.484496,51.53377,G147,TRUE,1,52,2011,male,G147_1,22/07/2011 11:45,11:45,18269,682.398,FLIGHT,D,TRAV,TRAV,,12:45
-5.474957,51.53308,G147,TRUE,1,52,2011,male,G147_1,22/07/2011 11:46,11:46,18269,666.358,FLIGHT,D,TRAV,TRAV,,12:46
-5.464745,51.53221,G147,TRUE,1,52,2011,male,G147_1,22/07/2011 11:47,11:47,18269,715.261,FLIGHT,D,TRAV,TRAV,,12:47
-5.45297,51.53018,G147,TRUE,1,52,2011,male,G147_1,22/07/2011 11:48,11:48,18269,847.595,FLIGHT,D,TRAV,TRAV,,12:48
-5.441518,51.5292,G147,TRUE,1,52,2011,male,G147_1,22/07/2011 11:49,11:49,18269,802.115,FLIGHT,D,TRAV,TRAV,,12:49
-5.431378,51.53045,G147,TRUE,1,52,2011,male,G147_1,22/07/2011 11:50,11:50,18269,717.236,FLIGHT,D,TRAV,TRAV,,12:50
-5.417915,51.53073,G147,TRUE,1,52,2011,male,G147_1,22/07/2011 11:50,11:50,18269,934.778,FLIGHT,D,TRAV,TRAV,,12:50
-5.403571,51.53119,G147,TRUE,1,52,2011,male,G147_1,22/07/2011 11:51,11:51,18269,996.683,FLIGHT,D,SERFOR,SERFOR,,12:51
-5.396464,51.5321,G147,TRUE,1,52,2011,male,G147_1,22/07/2011 11:52,11:52,18269,503.412,FLIGHT,D,SERFOR,SERFOR,,12:52
-5.398153,51.53201,G147,TRUE,1,53,2011,male,G147_1,22/07/2011 11:53,11:53,18269,117.649,FLIGHT,D,SERFOR,VESSEL + MSFA,,12:53
-5.398019,51.53236,G147,TRUE,1,52,2011,male,G147_1,22/07/2011 11:54,11:54,18269,40.577,WATER,D,REST,REST,,12:54
-5.400175,51.53224,G147,TRUE,1,51,2011,male,G147_1,22/07/2011 11:55,11:55,18269,150.263,FLIGHT,D,SERFOR,SERFOR,,12:55
-5.400405,51.53198,G147,TRUE,1,51,2011,male,G147_1,22/07/2011 11:56,11:56,18269,32.941,WATER,D,REST,REST,,12:56
-5.402439,51.53236,G147,TRUE,1,56,2011,male,G147_1,22/07/2011 11:57,11:57,18269,147.499,FLIGHT,D,SERFOR,VESSEL + MSFA,G+F+LBBG 10s,12:57
-5.403016,51.53235,G147,TRUE,1,52,2011,male,G147_1,22/07/2011 11:57,11:57,18269,40.061,WATER,D,REST,VESSEL + MSFA,,12:57
-5.403809,51.53244,G147,TRUE,1,51,2011,male,G147_1,22/07/2011 11:58,11:58,18269,55.971,FLIGHT,D,REST,VESSEL + MSFA,,12:58
-5.405976,51.53244,G147,TRUE,1,51,2011,male,G147_1,22/07/2011 11:59,11:59,18269,150.373,FLIGHT,D,SERFOR,VESSEL + MSFA,,12:59
-5.406775,51.53268,G147,TRUE,1,51,2011,male,G147_1,22/07/2011 12:00,12:00,18269,61.93,FLIGHT,D,REST,VESSEL + MSFA,,13:00
-5.40745,51.53264,G147,TRUE,1,50,2011,male,G147_1,22/07/2011 12:01,12:01,18269,47.106,WATER,D,REST,VESSEL + MSFA,,13:01
-5.407885,51.53286,G147,TRUE,1,52,2011,male,G147_1,22/07/2011 12:02,12:02,18269,38.653,WATER,D,REST,VESSEL + MSFA,,13:02
-5.408273,51.53307,G147,TRUE,1,51,2011,male,G147_1,22/07/2011 12:03,12:03,18269,35.941,WATER,D,REST,VESSEL + MSFA,,13:03
-5.408806,51.53329,G147,TRUE,1,50,2011,male,G147_1,22/07/2011 12:03,12:03,18269,44.168,WATER,D,REST,VESSEL + MSFA,,13:03
-5.409493,51.53354,G147,TRUE,1,52,2011,male,G147_1,22/07/2011 12:04,12:04,18269,55.531,FLIGHT,D,REST,VESSEL + MSFA,,13:04
-5.411989,51.53196,G147,TRUE,1,51,2011,male,G147_1,22/07/2011 12:05,12:05,18269,247.334,FLIGHT,D,SERFOR,VESSEL + MSFA,,13:05
-5.415998,51.53136,G147,TRUE,1,52,2011,male,G147_1,22/07/2011 12:06,12:06,18269,285.885,FLIGHT,D,OPPFOR,VESSEL + MSFA,,13:06
-5.416379,51.53153,G147,TRUE,1,52,2011,male,G147_1,22/07/2011 12:07,12:07,18269,31.935,WATER,D,REST,VESSEL + MSFA,,13:07
-5.416589,51.5316,G147,TRUE,1,52,2011,male,G147_1,22/07/2011 12:08,12:08,18269,16.848,WATER,D,REST,VESSEL + MSFA,,13:08
-5.41722,51.53201,G147,TRUE,1,52,2011,male,G147_1,22/07/2011 12:09,12:09,18269,63.07,FLIGHT,D,REST,VESSEL + MSFA,,13:09
-5.417605,51.53217,G147,TRUE,1,52,2011,male,G147_1,22/07/2011 12:09,12:09,18269,32.103,WATER,D,REST,REST,,13:09
-5.417867,51.53232,G147,TRUE,1,52,2011,male,G147_1,22/07/2011 12:10,12:10,18269,24.906,WATER,D,REST,REST,,13:10
-5.418436,51.53261,G147,TRUE,1,52,2011,male,G147_1,22/07/2011 12:11,12:11,18269,50.71,WATER,D,REST,REST,,13:11
-5.418881,51.53278,G147,TRUE,1,52,2011,male,G147_1,22/07/2011 12:12,12:12,18269,36.095,WATER,D,REST,REST,,13:12
-5.419325,51.53306,G147,TRUE,1,52,2011,male,G147_1,22/07/2011 12:13,12:13,18269,44.291,WATER,D,REST,REST,,13:13
-5.419671,51.53321,G147,TRUE,1,51,2011,male,G147_1,22/07/2011 12:14,12:14,18269,28.926,WATER,D,REST,REST,,13:14
-5.420101,51.53349,G147,TRUE,1,52,2011,male,G147_1,22/07/2011 12:15,12:15,18269,43.297,WATER,D,REST,REST,,13:15
-5.420117,51.53352,G147,TRUE,1,53,2011,male,G147_1,22/07/2011 12:15,12:15,18269,3.203,WATER,D,REST,REST,,13:15
-5.420656,51.53375,G147,TRUE,1,52,2011,male,G147_1,22/07/2011 12:16,12:16,18269,45.254,WATER,D,REST,REST,,13:16
-5.421108,51.53395,G147,TRUE,1,52,2011,male,G147_1,22/07/2011 12:17,12:17,18269,38.846,WATER,D,REST,REST,,13:17
-5.421605,51.5341,G147,TRUE,1,51,2011,male,G147_1,22/07/2011 12:18,12:18,18269,38.073,WATER,D,REST,REST,,13:18
-5.422012,51.53447,G147,TRUE,1,52,2011,male,G147_1,22/07/2011 12:19,12:19,18269,50.566,WATER,D,REST,REST,,13:19
-5.422567,51.53466,G147,TRUE,1,52,2011,male,G147_1,22/07/2011 12:20,12:20,18269,43.613,WATER,D,REST,REST,,13:20
-5.422903,51.53481,G147,TRUE,1,52,2011,male,G147_1,22/07/2011 12:21,12:21,18269,28.802,WATER,D,REST,REST,,13:21
-5.423732,51.53507,G147,TRUE,1,53,2011,male,G147_1,22/07/2011 12:22,12:22,18269,64.187,FLIGHT,D,REST,REST,,13:22
-5.42423,51.53517,G147,TRUE,1,52,2011,male,G147_1,22/07/2011 12:22,12:22,18269,36.548,WATER,D,REST,REST,,13:22
-5.42485,51.53546,G147,TRUE,1,51,2011,male,G147_1,22/07/2011 12:23,12:23,18269,53.509,FLIGHT,D,REST,REST,,13:23
-5.425395,51.53555,G147,TRUE,1,54,2011,male,G147_1,22/07/2011 12:24,12:24,18269,39.265,WATER,D,REST,REST,,13:24
-5.426169,51.53574,G147,TRUE,1,52,2011,male,G147_1,22/07/2011 12:25,12:25,18269,57.594,FLIGHT,D,REST,REST,,13:25
-5.426733,51.53583,G147,TRUE,1,53,2011,male,G147_1,22/07/2011 12:26,12:26,18269,40.536,WATER,D,REST,REST,,13:26
-5.427296,51.53602,G147,TRUE,1,52,2011,male,G147_1,22/07/2011 12:27,12:27,18269,44.259,WATER,D,REST,REST,,13:27
-5.427996,51.53624,G147,TRUE,1,52,2011,male,G147_1,22/07/2011 12:28,12:28,18269,54.439,FLIGHT,D,REST,REST,,13:28
-5.428698,51.53639,G147,TRUE,1,52,2011,male,G147_1,22/07/2011 12:29,12:29,18269,51.311,WATER,D,REST,REST,,13:29
-5.429291,51.53651,G147,TRUE,1,52,2011,male,G147_1,22/07/2011 12:29,12:29,18269,43.326,WATER,D,REST,REST,,13:29
-5.429927,51.53671,G147,TRUE,1,51,2011,male,G147_1,22/07/2011 12:30,12:30,18269,49.573,WATER,D,REST,REST,,13:30
-5.430592,51.53685,G147,TRUE,1,54,2011,male,G147_1,22/07/2011 12:31,12:31,18269,48.455,WATER,D,REST,REST,,13:31
-5.431127,51.53702,G147,TRUE,1,51,2011,male,G147_1,22/07/2011 12:32,12:32,18269,42.126,WATER,D,REST,REST,,13:32
-5.43169,51.53713,G147,TRUE,1,52,2011,male,G147_1,22/07/2011 12:33,12:33,18269,40.617,WATER,D,REST,REST,,13:33
-5.432151,51.5373,G147,TRUE,1,53,2011,male,G147_1,22/07/2011 12:34,12:34,18269,37.679,WATER,D,REST,REST,,13:34
-5.432785,51.53751,G147,TRUE,1,53,2011,male,G147_1,22/07/2011 12:35,12:35,18269,49.602,WATER,D,REST,REST,,13:35
-5.433164,51.53767,G147,TRUE,1,52,2011,male,G147_1,22/07/2011 12:35,12:35,18269,32.007,WATER,D,REST,REST,,13:35
-5.433667,51.53785,G147,TRUE,1,53,2011,male,G147_1,22/07/2011 12:36,12:36,18269,39.963,WATER,D,REST,REST,,13:36
-5.434351,51.53809,G147,TRUE,1,53,2011,male,G147_1,22/07/2011 12:37,12:37,18269,54.729,FLIGHT,D,REST,REST,,13:37
-5.435045,51.53822,G147,TRUE,1,53,2011,male,G147_1,22/07/2011 12:38,12:38,18269,50.028,WATER,D,REST,REST,,13:38
-5.435637,51.53842,G147,TRUE,1,52,2011,male,G147_1,22/07/2011 12:39,12:39,18269,47.2,WATER,D,REST,REST,,13:39
-5.435882,51.5385,G147,TRUE,1,54,2011,male,G147_1,22/07/2011 12:40,12:40,18269,18.839,WATER,D,REST,REST,,13:40
-5.436748,51.53869,G147,TRUE,1,53,2011,male,G147_1,22/07/2011 12:41,12:41,18269,63.844,FLIGHT,D,REST,REST,,13:41
-5.437239,51.53889,G147,TRUE,1,53,2011,male,G147_1,22/07/2011 12:42,12:42,18269,40.873,WATER,D,REST,REST,,13:42
-5.437626,51.53901,G147,TRUE,1,52,2011,male,G147_1,22/07/2011 12:43,12:43,18269,29.696,WATER,D,REST,REST,,13:43
-5.438454,51.53928,G147,TRUE,1,52,2011,male,G147_1,22/07/2011 12:43,12:43,18269,64.879,FLIGHT,D,REST,REST,,13:43
-5.438945,51.5394,G147,TRUE,1,52,2011,male,G147_1,22/07/2011 12:44,12:44,18269,36.508,WATER,D,REST,GANNET ON WATER,,13:44
-5.439369,51.53945,G147,TRUE,1,53,2011,male,G147_1,22/07/2011 12:45,12:45,18269,30.025,WATER,D,REST,REST,,13:45
-5.440164,51.5397,G147,TRUE,1,53,2011,male,G147_1,22/07/2011 12:46,12:46,18269,61.674,FLIGHT,D,REST,REST,,13:46
-5.440784,51.53992,G147,TRUE,1,53,2011,male,G147_1,22/07/2011 12:47,12:47,18269,49.547,WATER,D,REST,REST,,13:47
-5.44137,51.54014,G147,TRUE,1,52,2011,male,G147_1,22/07/2011 12:48,12:48,18269,47.513,WATER,D,REST,REST,,13:48
-5.442217,51.54038,G147,TRUE,1,54,2011,male,G147_1,22/07/2011 12:49,12:49,18269,64.546,FLIGHT,D,REST,REST,,13:49
-5.442809,51.54055,G147,TRUE,1,51,2011,male,G147_1,22/07/2011 12:50,12:50,18269,45.125,WATER,D,REST,REST,,13:50
-5.451702,51.54107,G147,TRUE,1,53,2011,male,G147_1,22/07/2011 12:50,12:50,18269,619.679,FLIGHT,D,TRAV,TRAV,,13:50
-5.463185,51.54015,G147,TRUE,1,51,2011,male,G147_1,22/07/2011 12:51,12:51,18269,803.154,FLIGHT,D,TRAV,TRAV,,13:51
-5.474333,51.5395,G147,TRUE,1,53,2011,male,G147_1,22/07/2011 12:52,12:52,18269,776.853,FLIGHT,D,TRAV,FOLLOWED,,13:52
-5.485022,51.53981,G147,TRUE,1,52,2011,male,G147_1,22/07/2011 12:53,12:53,18269,742.422,FLIGHT,D,TRAV,FOLLOWED,,13:53
-5.494968,51.54077,G147,TRUE,1,52,2011,male,G147_1,22/07/2011 12:54,12:54,18269,698.28,FLIGHT,D,TRAV,FOLLOWED,,13:54
-5.503654,51.54283,G147,TRUE,1,52,2011,male,G147_1,22/07/2011 12:55,12:55,18269,644.564,FLIGHT,D,OPPFOR,OPPFOR,,13:55
-5.505471,51.54324,G147,TRUE,1,52,2011,male,G147_1,22/07/2011 12:56,12:56,18269,134.13,FLIGHT,D,SERFOR,SERFOR,,13:56
-5.506173,51.54353,G147,TRUE,1,52,2011,male,G147_1,22/07/2011 12:56,12:56,18269,57.993,FLIGHT,D,REST,REST,,13:56
-5.506608,51.54364,G147,TRUE,1,52,2011,male,G147_1,22/07/2011 12:57,12:57,18269,32.91,WATER,D,REST,REST,,13:57
-5.507299,51.54392,G147,TRUE,1,51,2011,male,G147_1,22/07/2011 12:58,12:58,18269,56.869,FLIGHT,D,REST,REST,,13:58
-5.50747,51.54398,G147,TRUE,1,53,2011,male,G147_1,22/07/2011 12:59,12:59,18269,13.667,WATER,D,REST,REST,,13:59
-5.50833,51.54424,G147,TRUE,1,51,2011,male,G147_1,22/07/2011 13:00,13:00,18269,66.256,FLIGHT,D,REST,VESSEL + MSFA,,14:00
-5.508803,51.54438,G147,TRUE,1,52,2011,male,G147_1,22/07/2011 13:01,13:01,18269,36.565,WATER,D,REST,VESSEL + MSFA,,14:01
-5.505519,51.54292,G147,TRUE,1,53,2011,male,G147_1,22/07/2011 13:02,13:02,18269,279.868,FLIGHT,D,SERFOR,VESSEL + MSFA,,14:02
-5.500248,51.54316,G147,TRUE,1,52,2011,male,G147_1,22/07/2011 13:03,13:03,18269,366.594,FLIGHT,D,SERFOR,VESSEL + MSFA,,14:03
-5.500045,51.54301,G147,TRUE,1,52,2011,male,G147_1,22/07/2011 13:03,13:03,18269,21.082,WATER,D,REST,VESSEL + MSFA,,14:03
-5.498234,51.54258,G147,TRUE,1,52,2011,male,G147_1,22/07/2011 13:04,13:04,18269,134.799,FLIGHT,D,SERFOR,VESSEL + MSFA,,14:04
-5.498343,51.5439,G147,TRUE,1,51,2011,male,G147_1,22/07/2011 13:05,13:05,18269,147.834,FLIGHT,D,SERFOR,VESSEL + MSFA,,14:05
-5.497553,51.543,G147,TRUE,1,52,2011,male,G147_1,22/07/2011 13:06,13:06,18269,114.15,FLIGHT,D,SERFOR,VESSEL + MSFA,,14:06
-5.497742,51.54304,G147,TRUE,1,51,2011,male,G147_1,22/07/2011 13:07,13:07,18269,13.92,WATER,D,REST,VESSEL + MSFA,,14:07
-5.495204,51.54255,G147,TRUE,1,51,2011,male,G147_1,22/07/2011 13:08,13:08,18269,184.52,FLIGHT,D,SERFOR,VESSEL + MSFA,,14:08
-5.496042,51.54275,G147,TRUE,1,51,2011,male,G147_1,22/07/2011 13:09,13:09,18269,62.171,FLIGHT,D,REST,REST,,14:09
-5.496457,51.54282,G147,TRUE,1,52,2011,male,G147_1,22/07/2011 13:09,13:09,18269,29.797,WATER,D,REST,REST,,14:09
-5.493782,51.54158,G147,TRUE,1,51,2011,male,G147_1,22/07/2011 13:10,13:10,18269,230.979,FLIGHT,D,SERFOR,SERFOR,,14:10
-5.491956,51.54173,G147,TRUE,1,51,2011,male,G147_1,22/07/2011 13:11,13:11,18269,127.821,FLIGHT,D,SERFOR,SERFOR,,14:11
-5.492642,51.54217,G147,TRUE,1,51,2011,male,G147_1,22/07/2011 13:12,13:12,18269,67.878,FLIGHT,D,REST,REST,,14:12
-5.491611,51.54194,G147,TRUE,1,50,2011,male,G147_1,22/07/2011 13:13,13:13,18269,76.08,FLIGHT,D,SERFOR,SERFOR,,14:13
-5.492145,51.5421,G147,TRUE,1,52,2011,male,G147_1,22/07/2011 13:14,13:14,18269,41.495,WATER,D,REST,REST,,14:14
-5.492481,51.54216,G147,TRUE,1,50,2011,male,G147_1,22/07/2011 13:15,13:15,18269,24.045,WATER,D,REST,REST,,14:15
-5.492481,51.54216,G147,TRUE,1,51,2011,male,G147_1,22/07/2011 13:15,13:15,18269,0,WATER,D,REST,REST,,14:15
-5.493172,51.54251,G147,TRUE,1,53,2011,male,G147_1,22/07/2011 13:16,13:16,18269,61.832,FLIGHT,D,REST,REST,,14:16
-5.493669,51.54271,G147,TRUE,1,52,2011,male,G147_1,22/07/2011 13:17,13:17,18269,41.158,WATER,D,REST,REST,,14:17
-5.49413,51.54287,G147,TRUE,1,52,2011,male,G147_1,22/07/2011 13:18,13:18,18269,36.441,WATER,D,REST,REST,,14:18
-5.494665,51.54302,G147,TRUE,1,52,2011,male,G147_1,22/07/2011 13:19,13:19,18269,40.973,WATER,D,REST,REST,,14:19
-5.495243,51.5432,G147,TRUE,1,51,2011,male,G147_1,22/07/2011 13:20,13:20,18269,44.624,WATER,D,REST,REST,,14:20
-5.495828,51.54334,G147,TRUE,1,52,2011,male,G147_1,22/07/2011 13:21,13:21,18269,43.511,WATER,D,REST,REST,,14:21
-5.49643,51.5434,G147,TRUE,1,53,2011,male,G147_1,22/07/2011 13:21,13:21,18269,42.311,WATER,D,REST,REST,,14:21
-5.49674,51.54349,G147,TRUE,1,51,2011,male,G147_1,22/07/2011 13:22,13:22,18269,23.77,WATER,D,REST,REST,,14:22
-5.497573,51.5438,G147,TRUE,1,52,2011,male,G147_1,22/07/2011 13:23,13:23,18269,67.47,FLIGHT,D,REST,REST,,14:23
-5.497979,51.54398,G147,TRUE,1,52,2011,male,G147_1,22/07/2011 13:24,13:24,18269,34.304,WATER,D,REST,REST,,14:24
-5.499684,51.54468,G147,TRUE,1,53,2011,male,G147_1,22/07/2011 13:25,13:25,18269,141.497,FLIGHT,D,SERFOR,SERFOR,,14:25
-5.508394,51.54594,G147,TRUE,1,52,2011,male,G147_1,22/07/2011 13:26,13:26,18269,620.251,FLIGHT,D,SERFOR,SERFOR,,14:26
-5.510226,51.55053,G147,TRUE,1,52,2011,male,G147_1,22/07/2011 13:27,13:27,18269,526.9,FLIGHT,D,SERFOR,SERFOR,,14:27
-5.510788,51.55502,G147,TRUE,1,52,2011,male,G147_1,22/07/2011 13:28,13:28,18269,501.071,FLIGHT,D,SERFOR,SERFOR,,14:28
-5.511547,51.55542,G147,TRUE,1,52,2011,male,G147_1,22/07/2011 13:28,13:28,18269,69.005,FLIGHT,D,REST,REST,,14:28
-5.511811,51.55558,G147,TRUE,1,52,2011,male,G147_1,22/07/2011 13:29,13:29,18269,25.537,WATER,D,REST,REST,,14:29
-5.512177,51.55577,G147,TRUE,1,52,2011,male,G147_1,22/07/2011 13:30,13:30,18269,32.541,WATER,D,REST,REST,,14:30
-5.512879,51.556,G147,TRUE,1,52,2011,male,G147_1,22/07/2011 13:31,13:31,18269,54.951,FLIGHT,D,REST,REST,,14:31
-5.513305,51.55622,G147,TRUE,1,52,2011,male,G147_1,22/07/2011 13:32,13:32,18269,38.725,WATER,D,REST,REST,,14:32
-5.513597,51.55633,G147,TRUE,1,52,2011,male,G147_1,22/07/2011 13:33,13:33,18269,23.492,WATER,D,REST,REST,,14:33
-5.514176,51.55656,G147,TRUE,1,53,2011,male,G147_1,22/07/2011 13:34,13:34,18269,47.979,WATER,D,REST,REST,,14:34
-5.51448,51.55669,G147,TRUE,1,52,2011,male,G147_1,22/07/2011 13:34,13:34,18269,25.319,WATER,D,REST,REST,,14:34
-5.51491,51.55683,G147,TRUE,1,53,2011,male,G147_1,22/07/2011 13:35,13:35,18269,33.906,WATER,D,REST,REST,,14:35
-5.515433,51.55706,G147,TRUE,1,52,2011,male,G147_1,22/07/2011 13:36,13:36,18269,43.821,WATER,D,REST,REST,,14:36
-5.51576,51.55722,G147,TRUE,1,53,2011,male,G147_1,22/07/2011 13:37,13:37,18269,28.9,WATER,D,REST,REST,,14:37
-5.516426,51.55743,G147,TRUE,1,53,2011,male,G147_1,22/07/2011 13:38,13:38,18269,52.119,WATER,D,REST,REST,,14:38
-5.518914,51.55684,G147,TRUE,1,53,2011,male,G147_1,22/07/2011 13:39,13:39,18269,184.815,FLIGHT,D,SERFOR,SERFOR,,14:39
-5.527318,51.54968,G147,TRUE,1,52,2011,male,G147_1,22/07/2011 13:40,13:40,18269,987.098,FLIGHT,D,SERFOR,SERFOR,,14:40
-5.534144,51.54228,G147,TRUE,1,52,2011,male,G147_1,22/07/2011 13:41,13:41,18269,949.871,FLIGHT,D,SERFOR,SERFOR,,14:41
-5.534878,51.54432,G147,TRUE,1,52,2011,male,G147_1,22/07/2011 13:41,13:41,18269,233.153,FLIGHT,D,SERFOR,SERFOR,,14:41
-5.534894,51.54431,G147,TRUE,1,52,2011,male,G147_1,22/07/2011 13:42,13:42,18269,1.423,WATER,D,REST,REST,,14:42
-5.535541,51.54446,G147,TRUE,1,52,2011,male,G147_1,22/07/2011 13:43,13:43,18269,47.848,WATER,D,REST,REST,,14:43
-5.536281,51.54464,G147,TRUE,1,52,2011,male,G147_1,22/07/2011 13:44,13:44,18269,55.064,FLIGHT,D,REST,REST,,14:44
-5.536549,51.54475,G147,TRUE,1,51,2011,male,G147_1,22/07/2011 13:45,13:45,18269,21.84,WATER,D,REST,REST,,14:45
-5.537073,51.54487,G147,TRUE,1,52,2011,male,G147_1,22/07/2011 13:46,13:46,18269,38.803,WATER,D,REST,REST,,14:46
-5.53743,51.54509,G147,TRUE,1,52,2011,male,G147_1,22/07/2011 13:47,13:47,18269,34.664,WATER,D,REST,REST,,14:47
-5.537693,51.54525,G147,TRUE,1,52,2011,male,G147_1,22/07/2011 13:48,13:48,18269,25.49,WATER,D,REST,REST,,14:48
-5.537872,51.54532,G147,TRUE,1,53,2011,male,G147_1,22/07/2011 13:48,13:48,18269,14.599,WATER,D,REST,REST,,14:48
-5.53826,51.54557,G147,TRUE,1,52,2011,male,G147_1,22/07/2011 13:49,13:49,18269,39.431,WATER,D,REST,REST,,14:49
-5.538756,51.54585,G147,TRUE,1,51,2011,male,G147_1,22/07/2011 13:50,13:50,18269,46.044,WATER,D,REST,REST,,14:50
-5.539056,51.54601,G147,TRUE,1,52,2011,male,G147_1,22/07/2011 13:51,13:51,18269,27.677,WATER,D,REST,REST,,14:51
-5.539056,51.54601,G147,TRUE,1,52,2011,male,G147_1,22/07/2011 13:52,13:52,18269,0,WATER,D,REST,REST,,14:52
-5.539551,51.54625,G147,TRUE,1,52,2011,male,G147_1,22/07/2011 13:53,13:53,18269,43.227,WATER,D,REST,REST,,14:53
-5.540119,51.54643,G147,TRUE,1,53,2011,male,G147_1,22/07/2011 13:54,13:54,18269,44.2,WATER,D,REST,REST,,14:54
-5.540684,51.54668,G147,TRUE,1,53,2011,male,G147_1,22/07/2011 13:54,13:54,18269,48.385,WATER,D,REST,REST,,14:54
-5.5413,51.54734,G147,TRUE,1,52,2011,male,G147_1,22/07/2011 13:55,13:55,18269,84.575,FLIGHT,D,SERFOR,SERFOR,,14:55
-5.539666,51.55265,G147,TRUE,1,52,2011,male,G147_1,22/07/2011 13:56,13:56,18269,601.995,FLIGHT,D,SERFOR,SERFOR,,14:56
-5.53889,51.55851,G147,TRUE,1,53,2011,male,G147_1,22/07/2011 13:57,13:57,18269,653.308,FLIGHT,D,SERFOR,FOLLOWED,N=1,14:57
-5.535003,51.56411,G147,TRUE,1,52,2011,male,G147_1,22/07/2011 13:58,13:58,18269,679.268,FLIGHT,D,SERFOR,FOLLOWED,,14:58
-5.53798,51.56779,G147,TRUE,1,51,2011,male,G147_1,22/07/2011 13:59,13:59,18269,458.229,FLIGHT,D,SERFOR,FOLLOWED,,14:59
-5.542565,51.57151,G147,TRUE,1,52,2011,male,G147_1,22/07/2011 14:00,14:00,18269,522.146,FLIGHT,D,SERFOR,FOLLOWED,,15:00
-5.544736,51.57577,G147,TRUE,1,53,2011,male,G147_1,22/07/2011 14:01,14:01,18269,497.395,FLIGHT,D,SERFOR,FOLLOWED,,15:01
-5.54495,51.58045,G147,TRUE,1,52,2011,male,G147_1,22/07/2011 14:01,14:01,18269,520.571,FLIGHT,D,SERFOR,FOLLOWED,,15:01
-5.550581,51.58341,G147,TRUE,1,51,2011,male,G147_1,22/07/2011 14:02,14:02,18269,510.978,FLIGHT,D,SERFOR,FOLLOWED,,15:02
-5.551112,51.58813,G147,TRUE,1,53,2011,male,G147_1,22/07/2011 14:03,14:03,18269,525.878,FLIGHT,D,SERFOR,FOLLOWED,,15:03
-5.54737,51.59259,G147,TRUE,1,51,2011,male,G147_1,22/07/2011 14:04,14:04,18269,560.193,FLIGHT,D,SERFOR,FOLLOWED,,15:04
-5.550428,51.59732,G147,TRUE,1,52,2011,male,G147_1,22/07/2011 14:05,14:05,18269,567.011,FLIGHT,D,SERFOR,FOLLOWED,,15:05
-5.545711,51.60183,G147,TRUE,1,53,2011,male,G147_1,22/07/2011 14:06,14:06,18269,598.745,FLIGHT,D,SERFOR,FOLLOWED,,15:06
-5.542586,51.60598,G147,TRUE,1,52,2011,male,G147_1,22/07/2011 14:07,14:07,18269,509.969,FLIGHT,D,SERFOR,FOLLOWED,,15:07
-5.539692,51.61027,G147,TRUE,1,51,2011,male,G147_1,22/07/2011 14:07,14:07,18269,517.906,FLIGHT,D,SERFOR,FOLLOWED,,15:07
-5.540607,51.61488,G147,TRUE,1,52,2011,male,G147_1,22/07/2011 14:08,14:08,18269,516.589,FLIGHT,D,TRAV,FOLLOWED,,15:08
-5.53504,51.61982,G147,TRUE,1,52,2011,male,G147_1,22/07/2011 14:09,14:09,18269,671.387,FLIGHT,D,TRAV,FOLLOWED,,15:09
-5.530575,51.62582,G147,TRUE,1,53,2011,male,G147_1,22/07/2011 14:10,14:10,18269,736.507,FLIGHT,D,TRAV,FOLLOWED,,15:10
-5.529372,51.63129,G147,TRUE,1,52,2011,male,G147_1,22/07/2011 14:11,14:11,18269,613.497,FLIGHT,D,TRAV,FOLLOWED,,15:11
-5.527679,51.63656,G147,TRUE,1,52,2011,male,G147_1,22/07/2011 14:12,14:12,18269,597.726,FLIGHT,D,OPPFOR,FOLLOWED,,15:12
-5.527809,51.63685,G147,TRUE,1,51,2011,male,G147_1,22/07/2011 14:13,14:13,18269,33.497,WATER,D,REST,REST,,15:13
-5.52822,51.63694,G147,TRUE,1,52,2011,male,G147_1,22/07/2011 14:14,14:14,18269,30.354,WATER,D,REST,REST,,15:14
-5.528238,51.63695,G147,TRUE,1,52,2011,male,G147_1,22/07/2011 14:14,14:14,18269,1.531,WATER,D,REST,REST,,15:14
-5.528756,51.63718,G147,TRUE,1,53,2011,male,G147_1,22/07/2011 14:15,14:15,18269,44.186,WATER,D,REST,REST,,15:15
-5.528757,51.63718,G147,TRUE,1,52,2011,male,G147_1,22/07/2011 14:16,14:16,18269,0.45,WATER,D,REST,REST,,15:16
-5.529201,51.63749,G147,TRUE,1,51,2011,male,G147_1,22/07/2011 14:17,14:17,18269,45.54,WATER,D,REST,REST,,15:17
-5.529201,51.63749,G147,TRUE,1,53,2011,male,G147_1,22/07/2011 14:18,14:18,18269,0,WATER,D,REST,REST,,15:18
-5.529534,51.63769,G147,TRUE,1,51,2011,male,G147_1,22/07/2011 14:19,14:19,18269,32.43,WATER,D,REST,REST,,15:19
-5.529885,51.63794,G147,TRUE,1,52,2011,male,G147_1,22/07/2011 14:20,14:20,18269,37.103,WATER,D,REST,REST,,15:20
-5.530215,51.63818,G147,TRUE,1,53,2011,male,G147_1,22/07/2011 14:20,14:20,18269,34.889,WATER,D,REST,REST,,15:20
-5.530277,51.63826,G147,TRUE,1,52,2011,male,G147_1,22/07/2011 14:21,14:21,18269,9.483,WATER,D,REST,REST,,15:21
-5.530525,51.63843,G147,TRUE,1,52,2011,male,G147_1,22/07/2011 14:22,14:22,18269,25.71,WATER,D,REST,REST,,15:22
-5.530525,51.63843,G147,TRUE,1,52,2011,male,G147_1,22/07/2011 14:23,14:23,18269,0,WATER,D,REST,REST,,15:23
-5.531018,51.63868,G147,TRUE,1,52,2011,male,G147_1,22/07/2011 14:24,14:24,18269,44.17,WATER,D,REST,REST,,15:24
-5.531215,51.63891,G147,TRUE,1,52,2011,male,G147_1,22/07/2011 14:25,14:25,18269,28.508,WATER,D,REST,REST,,15:25
-5.531688,51.63909,G147,TRUE,1,53,2011,male,G147_1,22/07/2011 14:26,14:26,18269,38.976,WATER,D,REST,REST,,15:26
-5.531884,51.63919,G147,TRUE,1,52,2011,male,G147_1,22/07/2011 14:27,14:27,18269,17.268,WATER,D,REST,REST,,15:27
-5.532245,51.6394,G147,TRUE,1,52,2011,male,G147_1,22/07/2011 14:27,14:27,18269,34.136,WATER,D,REST,REST,,15:27
-5.532436,51.63947,G147,TRUE,1,52,2011,male,G147_1,22/07/2011 14:28,14:28,18269,15.518,WATER,D,REST,REST,,15:28
-5.532895,51.63969,G147,TRUE,1,53,2011,male,G147_1,22/07/2011 14:29,14:29,18269,40.178,WATER,D,REST,REST,,15:29
-5.532981,51.63977,G147,TRUE,1,53,2011,male,G147_1,22/07/2011 14:30,14:30,18269,10.708,WATER,D,REST,REST,,15:30
-5.533238,51.63987,G147,TRUE,1,53,2011,male,G147_1,22/07/2011 14:31,14:31,18269,20.526,WATER,D,REST,REST,,15:31
-5.533322,51.64,G147,TRUE,1,53,2011,male,G147_1,22/07/2011 14:32,14:32,18269,15.899,WATER,D,REST,REST,,15:32
-5.533794,51.64028,G147,TRUE,1,53,2011,male,G147_1,22/07/2011 14:33,14:33,18269,45.07,WATER,D,REST,REST,,15:33
-5.534115,51.64041,G147,TRUE,1,53,2011,male,G147_1,22/07/2011 14:34,14:34,18269,26.514,WATER,D,REST,REST,,15:34
-5.534134,51.64045,G147,TRUE,1,53,2011,male,G147_1,22/07/2011 14:34,14:34,18269,4.428,WATER,D,REST,REST,,15:34
-5.534134,51.64045,G147,TRUE,1,53,2011,male,G147_1,22/07/2011 14:35,14:35,18269,0,WATER,D,REST,REST,,15:35
-5.534862,51.64066,G147,TRUE,1,53,2011,male,G147_1,22/07/2011 14:36,14:36,18269,55.691,FLIGHT,D,REST,REST,,15:36
-5.534862,51.64066,G147,TRUE,1,53,2011,male,G147_1,22/07/2011 14:37,14:37,18269,0,WATER,D,REST,REST,,15:37
-5.535285,51.64076,G147,TRUE,1,53,2011,male,G147_1,22/07/2011 14:38,14:38,18269,31.445,WATER,D,REST,REST,,15:38
-5.535661,51.64089,G147,TRUE,1,53,2011,male,G147_1,22/07/2011 14:39,14:39,18269,29.778,WATER,D,REST,REST,,15:39
-5.536112,51.6411,G147,TRUE,1,53,2011,male,G147_1,22/07/2011 14:40,14:40,18269,38.996,WATER,D,REST,REST,,15:40
-5.536414,51.6412,G147,TRUE,1,53,2011,male,G147_1,22/07/2011 14:41,14:41,18269,23.63,WATER,D,REST,REST,,15:41
-5.536656,51.64133,G147,TRUE,1,53,2011,male,G147_1,22/07/2011 14:42,14:42,18269,21.844,WATER,D,REST,REST,,15:42
-5.536872,51.64135,G147,TRUE,1,53,2011,male,G147_1,22/07/2011 14:42,14:42,18269,15.251,WATER,D,REST,REST,,15:42
-5.536872,51.64135,G147,TRUE,1,52,2011,male,G147_1,22/07/2011 14:43,14:43,18269,0,WATER,D,REST,REST,,15:43
-5.537585,51.64158,G147,TRUE,1,54,2011,male,G147_1,22/07/2011 14:44,14:44,18269,55.495,FLIGHT,D,REST,REST,,15:44
-5.537585,51.64158,G147,TRUE,1,53,2011,male,G147_1,22/07/2011 14:45,14:45,18269,0,WATER,D,REST,REST,,15:45
-5.537585,51.64158,G147,TRUE,1,53,2011,male,G147_1,22/07/2011 14:46,14:46,18269,0,WATER,D,REST,REST,,15:46
-5.538294,51.64194,G147,TRUE,1,54,2011,male,G147_1,22/07/2011 14:47,14:47,18269,63.279,FLIGHT,D,REST,REST,,15:47
-5.538456,51.64208,G147,TRUE,1,53,2011,male,G147_1,22/07/2011 14:48,14:48,18269,19.284,WATER,D,REST,REST,,15:48
-5.538717,51.64231,G147,TRUE,1,53,2011,male,G147_1,22/07/2011 14:49,14:49,18269,31.235,WATER,D,REST,REST,,15:49
-5.538717,51.64231,G147,TRUE,1,53,2011,male,G147_1,22/07/2011 14:50,14:50,18269,0,WATER,D,REST,REST,,15:50
-5.538717,51.64231,G147,TRUE,1,53,2011,male,G147_1,22/07/2011 14:50,14:50,18269,0,WATER,D,REST,REST,,15:50
-5.539516,51.64265,G147,TRUE,1,53,2011,male,G147_1,22/07/2011 14:51,14:51,18269,67.198,FLIGHT,D,REST,REST,,15:51
-5.539516,51.64266,G147,TRUE,1,53,2011,male,G147_1,22/07/2011 14:52,14:52,18269,0.445,WATER,D,REST,REST,,15:52
-5.5398,51.64281,G147,TRUE,1,52,2011,male,G147_1,22/07/2011 14:53,14:53,18269,26.299,WATER,D,REST,REST,,15:53
-5.540033,51.64297,G147,TRUE,1,55,2011,male,G147_1,22/07/2011 14:54,14:54,18269,23.37,WATER,D,REST,REST,,15:54
-5.540033,51.64297,G147,TRUE,1,53,2011,male,G147_1,22/07/2011 14:55,14:55,18269,0,WATER,D,REST,REST,,15:55
-5.540033,51.64297,G147,TRUE,1,53,2011,male,G147_1,22/07/2011 14:56,14:56,18269,0,WATER,D,REST,REST,,15:56
-5.540567,51.64337,G147,TRUE,1,54,2011,male,G147_1,22/07/2011 14:57,14:57,18269,57.939,FLIGHT,D,REST,REST,,15:57
-5.54084,51.64344,G147,TRUE,1,54,2011,male,G147_1,22/07/2011 14:58,14:58,18269,20.525,WATER,D,REST,REST,,15:58
-5.540974,51.64355,G147,TRUE,1,54,2011,male,G147_1,22/07/2011 14:58,14:58,18269,15.804,WATER,D,REST,REST,,15:58
-5.540974,51.64355,G147,TRUE,1,54,2011,male,G147_1,22/07/2011 14:59,14:59,18269,0,WATER,D,REST,REST,,15:59
-5.541438,51.64376,G147,TRUE,1,54,2011,male,G147_1,22/07/2011 15:00,15:00,18269,39.653,WATER,D,REST,REST,,16:00
-5.54167,51.64376,G147,TRUE,1,54,2011,male,G147_1,22/07/2011 15:01,15:01,18269,16.059,WATER,D,REST,REST,,16:01
-5.541862,51.64395,G147,TRUE,1,54,2011,male,G147_1,22/07/2011 15:02,15:02,18269,24.408,WATER,D,REST,REST,,16:02
-5.542155,51.64402,G147,TRUE,1,54,2011,male,G147_1,22/07/2011 15:03,15:03,18269,21.647,WATER,D,REST,REST,,16:03
-5.542155,51.64402,G147,TRUE,1,54,2011,male,G147_1,22/07/2011 15:04,15:04,18269,0,WATER,D,REST,REST,,16:04
-5.542155,51.64402,G147,TRUE,1,54,2011,male,G147_1,22/07/2011 15:05,15:05,18269,0,WATER,D,REST,REST,,16:05
-5.542805,51.64422,G147,TRUE,1,53,2011,male,G147_1,22/07/2011 15:06,15:06,18269,50.495,WATER,D,REST,REST,,16:06
-5.542805,51.64422,G147,TRUE,1,52,2011,male,G147_1,22/07/2011 15:06,15:06,18269,0,WATER,D,REST,REST,,16:06
-5.543034,51.64438,G147,TRUE,1,53,2011,male,G147_1,22/07/2011 15:07,15:07,18269,23.836,WATER,D,REST,REST,,16:07
-5.543034,51.64438,G147,TRUE,1,53,2011,male,G147_1,22/07/2011 15:08,15:08,18269,0,WATER,D,REST,REST,,16:08
-5.543415,51.64449,G147,TRUE,1,54,2011,male,G147_1,22/07/2011 15:09,15:09,18269,28.936,WATER,D,REST,REST,,16:09
-5.543682,51.64465,G147,TRUE,1,53,2011,male,G147_1,22/07/2011 15:10,15:10,18269,25.738,WATER,D,REST,REST,,16:10
-5.543767,51.64496,G147,TRUE,1,53,2011,male,G147_1,22/07/2011 15:11,15:11,18269,35.208,WATER,D,REST,REST,,16:11
-5.538695,51.64954,G147,TRUE,1,53,2011,male,G147_1,22/07/2011 15:12,15:12,18269,618.25,FLIGHT,D,TRAV,TRAV,,16:12
-5.534334,51.65494,G147,TRUE,1,52,2011,male,G147_1,22/07/2011 15:13,15:13,18269,672.557,FLIGHT,D,TRAV,TRAV,,16:13
-5.52986,51.66051,G147,TRUE,1,52,2011,male,G147_1,22/07/2011 15:14,15:14,18269,693.054,FLIGHT,D,TRAV,TRAV,,16:14
-5.523909,51.66587,G147,TRUE,1,52,2011,male,G147_1,22/07/2011 15:14,15:14,18269,724.976,FLIGHT,D,TRAV,TRAV,,16:14
-5.518305,51.671,G147,TRUE,1,52,2011,male,G147_1,22/07/2011 15:15,15:15,18269,689.444,FLIGHT,D,TRAV,TRAV,,16:15
-5.513378,51.67604,G147,TRUE,1,52,2011,male,G147_1,22/07/2011 15:16,15:16,18269,656.117,FLIGHT,D,TRAV,TRAV,,16:16
-5.509952,51.68147,G147,TRUE,1,52,2011,male,G147_1,22/07/2011 15:17,15:17,18269,649.169,FLIGHT,D,TRAV,TRAV,,16:17
-5.50497,51.68649,G147,TRUE,1,52,2011,male,G147_1,22/07/2011 15:18,15:18,18269,656.261,FLIGHT,D,TRAV,TRAV,,16:18
-5.502156,51.69215,G147,TRUE,1,52,2011,male,G147_1,22/07/2011 15:19,15:19,18269,659.652,FLIGHT,D,TRAV,TRAV,,16:19
-5.499068,51.69729,G147,TRUE,1,52,2011,male,G147_1,22/07/2011 15:20,15:20,18269,609.506,FLIGHT,D,TRAV,TRAV,,16:20
-5.495203,51.70248,G147,TRUE,1,51,2011,male,G147_1,22/07/2011 15:20,15:20,18269,636.479,FLIGHT,D,TRAV,TRAV,,16:20
-5.48943,51.70742,G147,TRUE,1,53,2011,male,G147_1,22/07/2011 15:21,15:21,18269,679.236,FLIGHT,D,TRAV,TRAV,,16:21
-5.486654,51.71301,G147,TRUE,1,52,2011,male,G147_1,22/07/2011 15:22,15:22,18269,650.667,FLIGHT,D,TRAV,TRAV,,16:22
-5.483421,51.71846,G147,TRUE,1,52,2011,male,G147_1,22/07/2011 15:23,15:23,18269,647.174,FLIGHT,D,TRAV,TRAV,,16:23
-5.482253,51.72373,G147,TRUE,1,52,2011,male,G147_1,22/07/2011 15:24,15:24,18269,591.66,FLIGHT,D,TRAV,TRAV,,16:24
-5.48055,51.72626,G147,TRUE,1,52,2011,male,G147_1,22/07/2011 15:25,15:25,18269,305.407,FLIGHT,D,SERFOR,COLONY,,16:25
